{
  "config": {
    "testName": "MATH MANIYA",
    "testId": "ADV00003",
    "durationMinutes": 32,  
    "totalMarks": 32,
    "marksPerQuestion": 2,
    "negativeMarking": 0.5,
    "nameDisplay": "Bijay Mahto"
  },
  "questions": [
  {
    "question": "<span class=\"eqt\"><p>In which quadrant does the point (-4, 5) lie?</p></span><span class=\"hqt\" style=\"display:none\"><p>बिंदु (-4, 5) किस चतुर्थांश में स्थित है?</p></span>",
    "options": [
      "<span class=\"eqt\">I-Quadrant</span><span class=\"hqt\" style=\"display:none\">प्रथम चतुर्थांश</span>",
      "<span class=\"eqt\">II-Quadrant</span><span class=\"hqt\" style=\"display:none\">द्वितीय चतुर्थांश</span>",
      "<span class=\"eqt\">III-Quadrant</span><span class=\"hqt\" style=\"display:none\">तृतीय चतुर्थांश</span>",
      "<span class=\"eqt\">IV-Quadrant</span><span class=\"hqt\" style=\"display:none\">चतुर्थ चतुर्थांश</span>"
    ],
    "correct_option_id": 1,
    "solution": "<span class=\"eqt\"><p>A point with a negative x-coordinate (-x) and a positive y-coordinate (+y) lies in the II-Quadrant.</p></span><span class=\"hqt\" style=\"display:none\"><p>एक बिंदु जिसका x-निर्देशांक ऋणात्मक (-x) और y-निर्देशांक धनात्मक (+y) होता है, वह द्वितीय चतुर्थांश में स्थित होता है।</p></span>",
    "question_index": 1
  },
  {
    "question": "<span class=\"eqt\"><p>What is the distance between the points A(1, 2) and B(4, 6)?</p></span><span class=\"hqt\" style=\"display:none\"><p>बिंदुओं A(1, 2) और B(4, 6) के बीच की दूरी क्या है?</p></span>",
    "options": [
      "<span class=\"eqt\">3</span><span class=\"hqt\" style=\"display:none\">3</span>",
      "<span class=\"eqt\">4</span><span class=\"hqt\" style=\"display:none\">4</span>",
      "<span class=\"eqt\">5</span><span class=\"hqt\" style=\"display:none\">5</span>",
      "<span class=\"eqt\">6</span><span class=\"hqt\" style=\"display:none\">6</span>"
    ],
    "correct_option_id": 2,
    "solution": "<span class=\"eqt\"><p>Using the distance formula D = &radic;[(x<sub>2</sub> - x<sub>1</sub>)<sup>2</sup> + (y<sub>2</sub> - y<sub>1</sub>)<sup>2</sup>], we get:</p><p>D = &radic;[(4-1)<sup>2</sup> + (6-2)<sup>2</sup>]</p><p>D = &radic;[3<sup>2</sup> + 4<sup>2</sup>]</p><p>D = &radic;[9 + 16]</p><p>D = &radic;25</p><p>D = 5</p></span><span class=\"hqt\" style=\"display:none\"><p>दूरी सूत्र D = &radic;[(x<sub>2</sub> - x<sub>1</sub>)<sup>2</sup> + (y<sub>2</sub> - y<sub>1</sub>)<sup>2</sup>] का उपयोग करने पर:</p><p>D = &radic;[(4-1)<sup>2</sup> + (6-2)<sup>2</sup>]</p><p>D = &radic;[3<sup>2</sup> + 4<sup>2</sup>]</p><p>D = &radic;[9 + 16]</p><p>D = &radic;25</p><p>D = 5</p></span>",
    "question_index": 2
  },
  {
    "question": "<span class=\"eqt\"><p>Find the coordinates of the midpoint of the line segment joining the points (-3, 7) and (5, -1).</p></span><span class=\"hqt\" style=\"display:none\"><p>बिंदुओं (-3, 7) और (5, -1) को मिलाने वाले रेखाखंड के मध्य बिंदु के निर्देशांक ज्ञात कीजिए।</p></span>",
    "options": [
      "<span class=\"eqt\">(1, 3)</span><span class=\"hqt\" style=\"display:none\">(1, 3)</span>",
      "<span class=\"eqt\">(2, 6)</span><span class=\"hqt\" style=\"display:none\">(2, 6)</span>",
      "<span class=\"eqt\">(1, 4)</span><span class=\"hqt\" style=\"display:none\">(1, 4)</span>",
      "<span class=\"eqt\">(4, 3)</span><span class=\"hqt\" style=\"display:none\">(4, 3)</span>"
    ],
    "correct_option_id": 0,
    "solution": "<span class=\"eqt\"><p>Using the midpoint formula M = ((x<sub>1</sub> + x<sub>2</sub>)/2, (y<sub>1</sub> + y<sub>2</sub>)/2), we get:</p><p>M = ((-3 + 5)/2, (7 + (-1))/2)</p><p>M = (2/2, 6/2)</p><p>M = (1, 3)</p></span><span class=\"hqt\" style=\"display:none\"><p>मध्यबिंदु सूत्र M = ((x<sub>1</sub> + x<sub>2</sub>)/2, (y<sub>1</sub> + y<sub>2</sub>)/2) का उपयोग करने पर:</p><p>M = ((-3 + 5)/2, (7 + (-1))/2)</p><p>M = (2/2, 6/2)</p><p>M = (1, 3)</p></span>",
    "question_index": 3
  },
  {
    "question": "<span class=\"eqt\"><p>What are the coordinates of the centroid of a triangle with vertices at (2, 3), (4, 7), and (6, 2)?</p></span><span class=\"hqt\" style=\"display:none\"><p>एक त्रिभुज जिसके शीर्ष (2, 3), (4, 7), और (6, 2) हैं, के केन्द्रक के निर्देशांक क्या हैं?</p></span>",
    "options": [
      "<span class=\"eqt\">(3, 4)</span><span class=\"hqt\" style=\"display:none\">(3, 4)</span>",
      "<span class=\"eqt\">(12, 12)</span><span class=\"hqt\" style=\"display:none\">(12, 12)</span>",
      "<span class=\"eqt\">(4, 4)</span><span class=\"hqt\" style=\"display:none\">(4, 4)</span>",
      "<span class=\"eqt\">(4, 3)</span><span class=\"hqt\" style=\"display:none\">(4, 3)</span>"
    ],
    "correct_option_id": 2,
    "solution": "<span class=\"eqt\"><p>Using the centroid formula G = ((x<sub>1</sub> + x<sub>2</sub> + x<sub>3</sub>)/3, (y<sub>1</sub> + y<sub>2</sub> + y<sub>3</sub>)/3), we get:</p><p>G = ((2+4+6)/3, (3+7+2)/3)</p><p>G = (12/3, 12/3)</p><p>G = (4, 4)</p></span><span class=\"hqt\" style=\"display:none\"><p>केन्द्रक सूत्र G = ((x<sub>1</sub> + x<sub>2</sub> + x<sub>3</sub>)/3, (y<sub>1</sub> + y<sub>2</sub> + y<sub>3</sub>)/3) का उपयोग करने पर:</p><p>G = ((2+4+6)/3, (3+7+2)/3)</p><p>G = (12/3, 12/3)</p><p>G = (4, 4)</p></span>",
    "question_index": 4
  },
  {
    "question": "<span class=\"eqt\"><p>The pair of linear equations $2x + 3y - 9 = 0$ and $4x + 6y - 18 = 0$ are:</p></span><span class=\"hqt\" style=\"display:none\"><p>रैखिक समीकरणों का युग्म $2x + 3y - 9 = 0$ और $4x + 6y - 18 = 0$ है:</p></span>",
    "options": [
      "<span class=\"eqt\">Intersecting</span><span class=\"hqt\" style=\"display:none\">प्रतिच्छेदी</span>",
      "<span class=\"eqt\">Parallel</span><span class=\"hqt\" style=\"display:none\">समानांतर</span>",
      "<span class=\"eqt\">Coincident</span><span class=\"hqt\" style=\"display:none\">संपाती</span>",
      "<span class=\"eqt\">Perpendicular</span><span class=\"hqt\" style=\"display:none\">लंबवत</span>"
    ],
    "correct_option_id": 2,
    "solution": "<span class=\"eqt\"><p>Here, a<sub>1</sub>/a<sub>2</sub> = 2/4 = 1/2, b<sub>1</sub>/b<sub>2</sub> = 3/6 = 1/2, and c<sub>1</sub>/c<sub>2</sub> = -9/-18 = 1/2. Since a<sub>1</sub>/a<sub>2</sub> = b<sub>1</sub>/b<sub>2</sub> = c<sub>1</sub>/c<sub>2</sub>, the lines are coincident.</p></span><span class=\"hqt\" style=\"display:none\"><p>यहाँ, a<sub>1</sub>/a<sub>2</sub> = 2/4 = 1/2, b<sub>1</sub>/b<sub>2</sub> = 3/6 = 1/2, और c<sub>1</sub>/c<sub>2</sub> = -9/-18 = 1/2। चूँकि a<sub>1</sub>/a<sub>2</sub> = b<sub>1</sub>/b<sub>2</sub> = c<sub>1</sub>/c<sub>2</sub> है, इसलिए रेखाएँ संपाती हैं।</p></span>",
    "question_index": 5
  },
  {
    "question": "<span class=\"eqt\"><p>What is the point of intersection of the lines $2x + y = 5$ and $x - y = 1$?</p></span><span class=\"hqt\" style=\"display:none\"><p>रेखाओं $2x + y = 5$ और $x - y = 1$ का प्रतिच्छेदन बिंदु क्या है?</p></span>",
    "options": [
      "<span class=\"eqt\">(1, 3)</span><span class=\"hqt\" style=\"display:none\">(1, 3)</span>",
      "<span class=\"eqt\">(2, 1)</span><span class=\"hqt\" style=\"display:none\">(2, 1)</span>",
      "<span class=\"eqt\">(3, -1)</span><span class=\"hqt\" style=\"display:none\">(3, -1)</span>",
      "<span class=\"eqt\">(4, 3)</span><span class=\"hqt\" style=\"display:none\">(4, 3)</span>"
    ],
    "correct_option_id": 1,
    "solution": "<span class=\"eqt\"><p>Adding the two equations gives (2x+y) + (x-y) = 5+1, which simplifies to 3x=6, so x=2. Substituting x=2 into the second equation gives 2-y=1, so y=1. The point of intersection is (2, 1).</p></span><span class=\"hqt\" style=\"display:none\"><p>दोनों समीकरणों को जोड़ने पर (2x+y) + (x-y) = 5+1 मिलता है, जिससे 3x=6 आता है, इसलिए x=2। x=2 को दूसरे समीकरण में रखने पर 2-y=1 मिलता है, इसलिए y=1। प्रतिच्छेदन बिंदु (2, 1) है।</p></span>",
    "question_index": 6
  },
  {
    "question": "<span class=\"eqt\"><p>Find the length of the perpendicular from the point (2, 3) to the line $3x + 4y - 8 = 0$.</p></span><span class=\"hqt\" style=\"display:none\"><p>बिंदु (2, 3) से रेखा $3x + 4y - 8 = 0$ पर लंब की लंबाई ज्ञात कीजिए।</p></span>",
    "options": [
      "<span class=\"eqt\">1</span><span class=\"hqt\" style=\"display:none\">1</span>",
      "<span class=\"eqt\">2</span><span class=\"hqt\" style=\"display:none\">2</span>",
      "<span class=\"eqt\">5</span><span class=\"hqt\" style=\"display:none\">5</span>",
      "<span class=\"eqt\">10</span><span class=\"hqt\" style=\"display:none\">10</span>"
    ],
    "correct_option_id": 1,
    "solution": "<span class=\"eqt\"><p>Using the formula d = |ax<sub>1</sub> + by<sub>1</sub> + c| / &radic;(a<sup>2</sup> + b<sup>2</sup>), we get:</p><p>d = |3(2) + 4(3) - 8| / &radic;(3<sup>2</sup> + 4<sup>2</sup>)</p><p>d = |6 + 12 - 8| / &radic;(9 + 16)</p><p>d = |10| / &radic;25</p><p>d = 10 / 5 = 2</p></span><span class=\"hqt\" style=\"display:none\"><p>सूत्र d = |ax<sub>1</sub> + by<sub>1</sub> + c| / &radic;(a<sup>2</sup> + b<sup>2</sup>) का उपयोग करने पर:</p><p>d = |3(2) + 4(3) - 8| / &radic;(3<sup>2</sup> + 4<sup>2</sup>)</p><p>d = |6 + 12 - 8| / &radic;(9 + 16)</p><p>d = |10| / &radic;25</p><p>d = 10 / 5 = 2</p></span>",
    "question_index": 7
  },
  {
    "question": "<span class=\"eqt\"><p>What is the equation of a circle with center at (-1, 3) and radius 5?</p></span><span class=\"hqt\" style=\"display:none\"><p>केंद्र (-1, 3) और त्रिज्या 5 वाले वृत्त का समीकरण क्या है?</p></span>",
    "options": [
      "<span class=\"eqt\">$(x-1)^2 + (y+3)^2 = 25$</span><span class=\"hqt\" style=\"display:none\">$(x-1)<sup>2</sup> + (y+3)<sup>2</sup> = 25$</span>",
      "<span class=\"eqt\">$(x+1)^2 + (y-3)^2 = 5$</span><span class=\"hqt\" style=\"display:none\">$(x+1)<sup>2</sup> + (y-3)<sup>2</sup> = 5$</span>",
      "<span class=\"eqt\">$(x-1)^2 + (y+3)^2 = 5$</span><span class=\"hqt\" style=\"display:none\">$(x-1)<sup>2</sup> + (y+3)<sup>2</sup> = 5$</span>",
      "<span class=\"eqt\">$(x+1)^2 + (y-3)^2 = 25$</span><span class=\"hqt\" style=\"display:none\">$(x+1)<sup>2</sup> + (y-3)<sup>2</sup> = 25$</span>"
    ],
    "correct_option_id": 3,
    "solution": "<span class=\"eqt\"><p>The standard equation of a circle is (x-a)<sup>2</sup> + (y-b)<sup>2</sup> = R<sup>2</sup>. Substituting center (a, b) = (-1, 3) and radius R=5, we get (x-(-1))<sup>2</sup> + (y-3)<sup>2</sup> = 5<sup>2</sup>, which is (x+1)<sup>2</sup> + (y-3)<sup>2</sup> = 25.</p></span><span class=\"hqt\" style=\"display:none\"><p>वृत्त का मानक समीकरण (x-a)<sup>2</sup> + (y-b)<sup>2</sup> = R<sup>2</sup> है। केंद्र (a, b) = (-1, 3) और त्रिज्या R=5 रखने पर, हमें (x-(-1))<sup>2</sup> + (y-3)<sup>2</sup> = 5<sup>2</sup> मिलता है, जो (x+1)<sup>2</sup> + (y-3)<sup>2</sup> = 25 है।</p></span>",
    "question_index": 8
  },
  {
    "question": "<span class=\"eqt\"><p>What is the length of the portion of the line $5x + 12y = 60$ intercepted between the coordinate axes?</p></span><span class=\"hqt\" style=\"display:none\"><p>निर्देशांक अक्षों के बीच प्रतिच्छेदित रेखा $5x + 12y = 60$ के भाग की लंबाई क्या है?</p></span>",
    "options": [
      "<span class=\"eqt\">12</span><span class=\"hqt\" style=\"display:none\">12</span>",
      "<span class=\"eqt\">13</span><span class=\"hqt\" style=\"display:none\">13</span>",
      "<span class=\"eqt\">15</span><span class=\"hqt\" style=\"display:none\">15</span>",
      "<span class=\"eqt\">17</span><span class=\"hqt\" style=\"display:none\">17</span>"
    ],
    "correct_option_id": 1,
    "solution": "<span class=\"eqt\"><p>To find the x-intercept, set y=0: 5x = 60 &rarr; x=12. Point is (12, 0).</p><p>To find the y-intercept, set x=0: 12y = 60 &rarr; y=5. Point is (0, 5).</p><p>The distance between (12, 0) and (0, 5) is &radic;[(12-0)<sup>2</sup> + (0-5)<sup>2</sup>] = &radic;[144+25] = &radic;169 = 13.</p></span><span class=\"hqt\" style=\"display:none\"><p>x-अंतःखंड ज्ञात करने के लिए, y=0 रखें: 5x = 60 &rarr; x=12। बिंदु (12, 0) है।</p><p>y-अंतःखंड ज्ञात करने के लिए, x=0 रखें: 12y = 60 &rarr; y=5। बिंदु (0, 5) है।</p><p>(12, 0) और (0, 5) के बीच की दूरी &radic;[(12-0)<sup>2</sup> + (0-5)<sup>2</sup>] = &radic;[144+25] = &radic;169 = 13 है।</p></span>",
    "question_index": 9
  },
  {
    "question": "<span class=\"eqt\"><p>The graph of the equation x = -4 is a line...</p></span><span class=\"hqt\" style=\"display:none\"><p>समीकरण x = -4 का ग्राफ एक रेखा है जो...</p></span>",
    "options": [
      "<span class=\"eqt\">parallel to the x-axis.</span><span class=\"hqt\" style=\"display:none\">x-अक्ष के समानांतर है।</span>",
      "<span class=\"eqt\">parallel to the y-axis.</span><span class=\"hqt\" style=\"display:none\">y-अक्ष के समानांतर है।</span>",
      "<span class=\"eqt\">passing through the origin.</span><span class=\"hqt\" style=\"display:none\">मूल बिंदु से होकर गुजरती है।</span>",
      "<span class=\"eqt\">at a 45 degree angle to the y-axis.</span><span class=\"hqt\" style=\"display:none\">y-अक्ष से 45 डिग्री के कोण पर है।</span>"
    ],
    "correct_option_id": 1,
    "solution": "<span class=\"eqt\"><p>The equation x = a (where 'a' is a constant) represents all points where the x-coordinate is 'a'. This forms a vertical line that is parallel to the y-axis.</p></span><span class=\"hqt\" style=\"display:none\"><p>समीकरण x = a (जहाँ 'a' एक स्थिरांक है) उन सभी बिंदुओं को दर्शाता है जहाँ x-निर्देशांक 'a' होता है। यह एक ऊर्ध्वाधर रेखा बनाता है जो y-अक्ष के समानांतर होती है।</p></span>",
    "question_index": 10
  },
  {
    "question": "<span class=\"eqt\"><p>What is the area, in square units, of a triangle whose vertices are (0, 0), (5, 0), and (3, 4)?</p></span><span class=\"hqt\" style=\"display:none\"><p>एक त्रिभुज का क्षेत्रफल (वर्ग इकाइयों में) क्या है जिसके शीर्ष (0, 0), (5, 0), और (3, 4) हैं?</p></span>",
    "options": [
      "<span class=\"eqt\">5</span><span class=\"hqt\" style=\"display:none\">5</span>",
      "<span class=\"eqt\">10</span><span class=\"hqt\" style=\"display:none\">10</span>",
      "<span class=\"eqt\">15</span><span class=\"hqt\" style=\"display:none\">15</span>",
      "<span class=\"eqt\">20</span><span class=\"hqt\" style=\"display:none\">20</span>"
    ],
    "correct_option_id": 1,
    "solution": "<span class=\"eqt\"><p>The triangle has a base along the x-axis of length 5 units (from (0,0) to (5,0)). The height of the triangle is the y-coordinate of the third vertex, which is 4. The area is (1/2) &times; base &times; height = (1/2) &times; 5 &times; 4 = 10 square units.</p></span><span class=\"hqt\" style=\"display:none\"><p>त्रिभुज का आधार x-अक्ष पर 5 इकाई लंबा है ( (0,0) से (5,0) तक)। त्रिभुज की ऊंचाई तीसरे शीर्ष का y-निर्देशांक है, जो 4 है। क्षेत्रफल = (1/2) &times; आधार &times; ऊंचाई = (1/2) &times; 5 &times; 4 = 10 वर्ग इकाई है।</p></span>",
    "question_index": 11
  },
  {
    "question": "<span class=\"eqt\"><p>What is the area of the region bounded by the line $2x + y = 6$, the x-axis, and the y-axis?</p></span><span class=\"hqt\" style=\"display:none\"><p>रेखा $2x + y = 6$, x-अक्ष, और y-अक्ष से घिरे क्षेत्र का क्षेत्रफल क्या है?</p></span>",
    "options": [
      "<span class=\"eqt\">6</span><span class=\"hqt\" style=\"display:none\">6</span>",
      "<span class=\"eqt\">9</span><span class=\"hqt\" style=\"display:none\">9</span>",
      "<span class=\"eqt\">12</span><span class=\"hqt\" style=\"display:none\">12</span>",
      "<span class=\"eqt\">18</span><span class=\"hqt\" style=\"display:none\">18</span>"
    ],
    "correct_option_id": 1,
    "solution": "<span class=\"eqt\"><p>The region forms a right-angled triangle with the axes. Find the intercepts.</p><p>x-intercept (when y=0): 2x = 6 &rarr; x=3. The vertex is (3, 0).</p><p>y-intercept (when x=0): y = 6. The vertex is (0, 6).</p><p>The base of the triangle is 3 and the height is 6.</p><p>Area = (1/2) &times; base &times; height = (1/2) &times; 3 &times; 6 = 9 square units.</p></span><span class=\"hqt\" style=\"display:none\"><p>यह क्षेत्र अक्षों के साथ एक समकोण त्रिभुज बनाता है। अंतःखंड ज्ञात करें।</p><p>x-अंतःखंड (जब y=0): 2x = 6 &rarr; x=3। शीर्ष (3, 0) है।</p><p>y-अंतःखंड (जब x=0): y = 6। शीर्ष (0, 6) है।</p><p>त्रिभुज का आधार 3 और ऊंचाई 6 है।</p><p>क्षेत्रफल = (1/2) &times; आधार &times; ऊंचाई = (1/2) &times; 3 &times; 6 = 9 वर्ग इकाई है।</p></span>",
    "question_index": 12
  },
  {
    "question": "<span class=\"eqt\"><p>Find the equation of a sphere with its center at (2, -3, 4) and a radius of 6 units.</p></span><span class=\"hqt\" style=\"display:none\"><p>उस गोले का समीकरण ज्ञात कीजिए जिसका केंद्र (2, -3, 4) और त्रिज्या 6 इकाई है।</p></span>",
    "options": [
      "<span class=\"eqt\">(x-2)<sup>2</sup> + (y+3)<sup>2</sup> + (z-4)<sup>2</sup> = 36</span><span class=\"hqt\" style=\"display:none\">(x-2)<sup>2</sup> + (y+3)<sup>2</sup> + (z-4)<sup>2</sup> = 36</span>",
      "<span class=\"eqt\">(x+2)<sup>2</sup> + (y-3)<sup>2</sup> + (z+4)<sup>2</sup> = 36</span><span class=\"hqt\" style=\"display:none\">(x+2)<sup>2</sup> + (y-3)<sup>2</sup> + (z+4)<sup>2</sup> = 36</span>",
      "<span class=\"eqt\">(x-2)<sup>2</sup> + (y+3)<sup>2</sup> + (z-4)<sup>2</sup> = 6</span><span class=\"hqt\" style=\"display:none\">(x-2)<sup>2</sup> + (y+3)<sup>2</sup> + (z-4)<sup>2</sup> = 6</span>",
      "<span class=\"eqt\">(x+2)<sup>2</sup> + (y-3)<sup>2</sup> + (z+4)<sup>2</sup> = 6</span><span class=\"hqt\" style=\"display:none\">(x+2)<sup>2</sup> + (y-3)<sup>2</sup> + (z+4)<sup>2</sup> = 6</span>"
    ],
    "correct_option_id": 0,
    "solution": "<span class=\"eqt\"><p>The standard equation of a sphere is (x-a)<sup>2</sup> + (y-b)<sup>2</sup> + (z-c)<sup>2</sup> = R<sup>2</sup>, where (a, b, c) is the center and R is the radius. Substituting the given values: (x-2)<sup>2</sup> + (y-(-3))<sup>2</sup> + (z-4)<sup>2</sup> = 6<sup>2</sup>, which simplifies to (x-2)<sup>2</sup> + (y+3)<sup>2</sup> + (z-4)<sup>2</sup> = 36.</p></span><span class=\"hqt\" style=\"display:none\"><p>गोले का मानक समीकरण (x-a)<sup>2</sup> + (y-b)<sup>2</sup> + (z-c)<sup>2</sup> = R<sup>2</sup> होता है, जहाँ (a, b, c) केंद्र और R त्रिज्या है। दिए गए मानों को रखने पर: (x-2)<sup>2</sup> + (y-(-3))<sup>2</sup> + (z-4)<sup>2</sup> = 6<sup>2</sup>, जो सरल होकर (x-2)<sup>2</sup> + (y+3)<sup>2</sup> + (z-4)<sup>2</sup> = 36 हो जाता है।</p></span>",
    "question_index": 13
  },
  {
    "question": "<span class=\"eqt\"><p>Find the coordinates of the circumcenter of a triangle with vertices A(0,0), B(4,0), and C(0,4).</p></span><span class=\"hqt\" style=\"display:none\"><p>उस त्रिभुज के परिकेन्द्र के निर्देशांक ज्ञात कीजिए जिसके शीर्ष A(0,0), B(4,0), और C(0,4) हैं।</p></span>",
    "options": [
      "<span class=\"eqt\">(2, 2)</span><span class=\"hqt\" style=\"display:none\">(2, 2)</span>",
      "<span class=\"eqt\">(4, 4)</span><span class=\"hqt\" style=\"display:none\">(4, 4)</span>",
      "<span class=\"eqt\">(0, 0)</span><span class=\"hqt\" style=\"display:none\">(0, 0)</span>",
      "<span class=\"eqt\">(2, 0)</span><span class=\"hqt\" style=\"display:none\">(2, 0)</span>"
    ],
    "correct_option_id": 0,
    "solution": "<span class=\"eqt\"><p>The circumcenter is a point equidistant from all three vertices. For a right-angled triangle, the circumcenter is the midpoint of the hypotenuse. The hypotenuse connects B(4,0) and C(0,4). Its midpoint is ((4+0)/2, (0+4)/2) = (2,2).</p></span><span class=\"hqt\" style=\"display:none\"><p>परिकेंद्र तीनों शीर्षों से समान दूरी पर स्थित एक बिंदु होता है। एक समकोण त्रिभुज के लिए, परिकेंद्र कर्ण (hypotenuse) का मध्यबिंदु होता है। कर्ण, B(4,0) और C(0,4) को जोड़ता है। इसका मध्यबिंदु ((4+0)/2, (0+4)/2) = (2,2) है।</p></span>",
    "question_index": 14
  },
  {
    "question": "<span class=\"eqt\"><p>If point M(3, 5) is the midpoint of the line segment AB and the coordinates of point A are (1, 2), what are the coordinates of point B?</p></span><span class=\"hqt\" style=\"display:none\"><p>यदि बिंदु M(3, 5) रेखाखंड AB का मध्यबिंदु है और बिंदु A के निर्देशांक (1, 2) हैं, तो बिंदु B के निर्देशांक क्या हैं?</p></span>",
    "options": [
      "<span class=\"eqt\">(2, 3.5)</span><span class=\"hqt\" style=\"display:none\">(2, 3.5)</span>",
      "<span class=\"eqt\">(5, 8)</span><span class=\"hqt\" style=\"display:none\">(5, 8)</span>",
      "<span class=\"eqt\">(4, 7)</span><span class=\"hqt\" style=\"display:none\">(4, 7)</span>",
      "<span class=\"eqt\">(6, 10)</span><span class=\"hqt\" style=\"display:none\">(6, 10)</span>"
    ],
    "correct_option_id": 1,
    "solution": "<span class=\"eqt\"><p>Let the coordinates of B be (x, y). Using the midpoint formula, M = ((x₁+x₂)/2, (y₁+y₂)/2). We have (3, 5) = ((1+x)/2, (2+y)/2). Solving for x: 3 = (1+x)/2 &rarr; 6 = 1+x &rarr; x=5. Solving for y: 5 = (2+y)/2 &rarr; 10 = 2+y &rarr; y=8. So, the coordinates of B are (5, 8).</p></span><span class=\"hqt\" style=\"display:none\"><p>मान लीजिए B के निर्देशांक (x, y) हैं। मध्यबिंदु सूत्र M = ((x₁+x₂)/2, (y₁+y₂)/2) का उपयोग करने पर, हमें (3, 5) = ((1+x)/2, (2+y)/2) मिलता है। x के लिए हल करने पर: 3 = (1+x)/2 &rarr; 6 = 1+x &rarr; x=5। y के लिए हल करने पर: 5 = (2+y)/2 &rarr; 10 = 2+y &rarr; y=8। अतः, B के निर्देशांक (5, 8) हैं।</p></span>",
    "question_index": 15
  },
  {
    "question": "<span class=\"eqt\"><p>For what value of 'k' will the lines 3x - 4y + 7 = 0 and kx - 8y - 1 = 0 be parallel?</p></span><span class=\"hqt\" style=\"display:none\"><p>'k' के किस मान के लिए रेखाएँ 3x - 4y + 7 = 0 और kx - 8y - 1 = 0 समानांतर होंगी?</p></span>",
    "options": [
      "<span class=\"eqt\">3</span><span class=\"hqt\" style=\"display:none\">3</span>",
      "<span class=\"eqt\">-3</span><span class=\"hqt\" style=\"display:none\">-3</span>",
      "<span class=\"eqt\">6</span><span class=\"hqt\" style=\"display:none\">6</span>",
      "<span class=\"eqt\">-6</span><span class=\"hqt\" style=\"display:none\">-6</span>"
    ],
    "correct_option_id": 2,
    "solution": "<span class=\"eqt\"><p>For two lines to be parallel, the condition is a₁/a₂ = b₁/b₂. Here, a₁=3, b₁=-4, a₂=k, b₂=-8. So, 3/k = (-4)/(-8). This simplifies to 3/k = 1/2. Therefore, k = 6.</p></span><span class=\"hqt\" style=\"display:none\"><p>दो रेखाओं के समानांतर होने के लिए शर्त है a₁/a₂ = b₁/b₂। यहाँ, a₁=3, b₁=-4, a₂=k, b₂=-8 है। तो, 3/k = (-4)/(-8)। इसे सरल करने पर 3/k = 1/2 मिलता है। इसलिए, k = 6 है।</p></span>",
    "question_index": 16
  }

]
}